{"initial_reset_timestamp": 24.115898531, "timestamps": [52.530247975, 67.364696565, 69.836747373, 72.470049099, 74.296123005, 76.252740423, 78.22753586, 80.610133903, 85.389181903, 86.500906933, 88.556390841, 89.48516756, 91.013852078, 92.023345034, 93.132723756, 94.114240082, 95.272685273, 96.288773916, 97.408592063, 98.365729328, 99.485856748, 100.241726557, 101.243505798, 101.995658488, 103.094001141, 104.081076831, 104.795858765, 105.981546126, 106.88205024, 107.628166377, 108.44440115, 109.194552584, 110.165980083, 110.866619351, 111.765804234, 112.717895864, 113.430861563, 114.13314717, 114.856829372, 115.557511335, 116.297986427, 117.254655224, 118.081028186, 118.625922408, 119.215618106, 119.780658101, 120.488717207, 121.131955883, 121.867618784, 122.420189127, 123.166661874, 123.920247206, 124.631646266, 125.172435405, 126.020601024, 126.741705898, 127.209664601, 128.078429838, 128.659591365, 129.343364426, 130.064366818, 130.818695778, 131.365710525, 132.067389669, 133.742873058, 134.429260655, 134.969530502, 135.671832332, 136.387302898, 136.921920555, 137.670068591, 138.23869079, 138.815990968, 139.538911644, 140.305245315, 140.995181122, 141.693278158, 142.47050497, 143.277515694, 143.857355403, 144.299340507, 144.999706434, 145.80695002, 146.352264546, 146.881910177, 147.447043072, 148.197425884, 148.887316982, 149.742434586, 150.315890297, 150.859948167, 151.596771068, 152.181611594, 152.712994121, 153.514107403, 154.188946352, 154.768259979, 155.324068733, 156.022678472, 156.524213229, 157.062503882, 157.597088135, 158.214241291, 158.769837964, 159.497198155, 160.187213935, 160.931824281, 161.653149758, 162.189568169, 162.72441077, 163.292387792, 163.845243073, 164.430379564, 164.957964484, 165.524048105, 166.043680303, 166.537678605, 166.994740507, 167.534177391, 168.355219231, 169.141045472, 169.858142444, 170.401496153, 170.956390697, 171.473644724, 172.410518676, 172.997361595, 173.530676532, 174.112638252, 174.687896612, 175.263808621, 175.803503048, 176.300761042, 176.753020118, 177.322575355, 177.895875657, 178.479493247, 179.002747936, 179.452972295, 179.982453035, 180.495518469, 181.070899787, 181.67432954, 182.233030831, 182.823266339, 183.376960851, 183.941057366, 184.501792748, 185.033165179, 185.592997388, 186.169507146, 186.738085853, 187.255149025, 187.8158945, 188.392086676, 188.92793767, 189.352788993, 189.924082462, 190.432167007, 190.917469896, 191.487372443, 192.012550893, 192.609795044, 193.134772406, 193.717262177, 194.312694669, 194.8949197, 195.444190981, 196.021211759, 196.512615965, 197.064382884, 197.608925286, 198.220965959, 198.784997401, 199.328248836, 199.885945474, 200.384155206, 200.946250069, 201.488562559, 202.036740636, 202.59812303, 203.026626793, 203.605377753, 204.152100211, 204.672011976, 205.228582593, 205.652475157, 206.192750656, 206.725413722, 207.15709275, 207.663659516, 208.244914413, 208.821042844, 209.380345953, 209.935421754, 210.475684283, 211.02488209, 211.574875741, 212.113267274, 212.677007148, 213.085219342, 213.582825463, 214.148039341, 214.687051675, 215.231869968, 215.777329785, 216.297156986, 216.845114175, 217.355176617, 217.767621742, 218.205686434, 219.071308947, 219.504226921, 220.264680003, 220.788005376, 221.198680119, 222.409459108, 222.860464531, 223.586101691, 224.111739385, 224.646139994, 225.088789301, 225.542824157, 226.093427373, 226.642006543, 227.185161727, 227.733300989, 228.183212076, 228.904098873, 229.321461018, 229.792062281, 230.496797522, 231.073531089, 231.642843845, 232.439675828, 232.96285794, 233.39890599, 233.823822908, 234.592777468, 235.002895429, 235.670562427, 236.206669181, 236.661406795, 237.14992071, 237.874641601, 238.42163964, 238.975942962, 239.534423203, 240.078369881, 240.477506452, 241.022674375, 241.428080939, 242.524958185, 243.085225637, 243.712174064, 244.309058404, 244.860720857, 245.422694141, 245.857990403, 246.408806192, 247.166042193, 247.909190462, 248.698453524, 249.288919149, 249.696579083, 250.113545835, 250.666403408, 251.079293233, 251.62744691, 252.064574836, 252.512239319, 252.930325492, 253.707354176, 254.556708029, 254.966551102, 255.755368931, 256.172321222, 256.865066553, 257.422154898, 257.848048522, 258.62589814, 259.385061018, 260.058983248, 260.616653241, 261.451407893, 261.893864017, 262.429518687, 262.970167879, 263.410687252, 263.925997729, 264.648181436, 265.193139612, 265.763188051, 266.522012049, 267.205444656, 267.733414721, 268.181796609, 268.940003755, 269.43873085, 269.904861348], "episode_lengths": [3491, 2028, 495, 545, 379, 406, 413, 495, 653, 224, 418, 193, 321, 203, 233, 206, 244, 214, 234, 198, 234, 152, 210, 151, 213, 207, 147, 154, 180, 152, 165, 150, 198, 146, 185, 199, 150, 147, 151, 146, 155, 188, 156, 109, 120, 113, 148, 135, 154, 115, 156, 151, 149, 113, 179, 142, 97, 181, 119, 142, 151, 151, 114, 147, 215, 136, 112, 145, 145, 111, 144, 116, 116, 150, 159, 145, 147, 164, 170, 122, 93, 144, 163, 115, 110, 119, 153, 142, 180, 118, 112, 152, 115, 110, 161, 141, 120, 117, 147, 104, 111, 112, 121, 116, 153, 145, 156, 152, 112, 109, 118, 115, 115, 110, 119, 109, 104, 96, 113, 169, 160, 142, 115, 117, 108, 120, 115, 112, 121, 121, 120, 113, 98, 93, 119, 116, 121, 108, 94, 109, 108, 121, 119, 118, 123, 116, 118, 117, 111, 117, 120, 119, 101, 118, 116, 111, 89, 120, 106, 101, 119, 109, 118, 110, 122, 118, 120, 114, 121, 102, 115, 114, 120, 117, 114, 116, 104, 117, 114, 115, 117, 89, 113, 115, 109, 116, 88, 113, 111, 90, 106, 116, 112, 117, 116, 112, 114, 114, 111, 117, 85, 104, 112, 113, 114, 113, 108, 115, 107, 86, 91, 176, 86, 159, 109, 86, 158, 86, 152, 108, 111, 92, 88, 115, 114, 113, 114, 90, 148, 87, 95, 146, 114, 118, 165, 109, 91, 89, 162, 84, 140, 112, 84, 99, 143, 114, 115, 115, 113, 84, 114, 85, 173, 87, 113, 114, 114, 115, 90, 113, 156, 147, 148, 115, 84, 86, 111, 84, 112, 87, 91, 85, 154, 174, 84, 161, 85, 142, 113, 88, 158, 150, 140, 115, 170, 91, 110, 112, 91, 107, 148, 111, 112, 156, 141, 109, 87, 153, 102, 97],